step,decoded_input_sha256,baseline_line,deferred_line,output_text_equal,baseline_output_chars,deferred_output_chars
1,5c87d8a057868d64514ff44f83ae53e726dae2f3ecb4252ad3df1e0e98fa2c1a,1,1,False,1105,1273
1,88f4bd3c6b2a8c528d94bf6e988cbb25ae85ae951fb11e4ac077b63f0b763981,2,2,False,563,976
1,98d6f6b6387bfbb3688c8bd52dcc8f4cf445e76a836521295f5033b96a19bc03,3,3,False,683,619
1,e4c44ec953b96554e0044c7b5bb58716ad990ac3cf514741b7cae24451026945,4,4,False,597,362
1,13ac2d10df7a50e2c3fbb0b3fd180a6037dea542593d4021e57d5a389d642d2c,5,5,True,512,512
1,ac93c2e5fb68e3edbe9bf61acb70d3323b2c0a73de5f936d8a69ac7659934d3e,6,6,False,322,492
1,5b64a08bc31402d04adae9c8ff918a3504f8e9a64e36b8e3ed244a18f940b575,7,7,True,8,8
1,b5cdeca86d212725692ecc95a8e7ed55832a7195a76070d4457028df0ce9f037,8,8,False,287,8
2,91475d29a6046fc2dc32659378e00c9d9c53bc4ea9847a020dd673a6b09eb646,1,1,False,448,529
2,2c3f71ee6f9025622ff07e5f1f8dfe47ad805361008cdcfac5801376dd18431c,2,2,True,8,8
2,588f592a5b5014c3c7e88a1aceaf5f037140f8c30e16e0f787532aef7689c367,3,3,True,9,9
2,de3dcb49575ce743e13d254fb9f66e440c5a05c5d898fd9aeb23c7adf21d79ca,4,4,False,621,655
2,8e7a1f275535193f7b97d289ee55c92a83cf59266bcfaf1a1a6fc1da8101ad39,5,5,False,6,295
2,e9daef41d218f4834d24c710ccaa5df894616a2ca3bf98c93f1b70839a60368e,6,6,False,399,712
2,5571e6946737956b845c7d121b525c7c7b9c5aed1eba98bf42015e000986d4f0,7,7,False,646,370
2,f42b50ea2783c57b8fd72e1d2b326422f66f38d04d6d8957a8e7765a0e0a5b7b,8,8,False,325,326
3,aa6c2ae9d2301d6f08827888e404619339a58981365eb43fdb706042bd97936a,1,1,False,489,9
3,715f163c1b50715f48946d3c789b93e40801a5edf60fb2455d26e28845b02849,2,3,False,8,426
3,83453348f14b01baa50d87a203d3d6553ac0f3c5679ce1bec2d08be8cc4f8370,3,2,False,479,302
3,f387445969c6e615b71ad834c3662dd2b389642b766ad12c76ef4c4a955d2f20,4,4,False,964,1198
3,9ce20b21ab2db0c063760705082a10ed7df00382f0f019e8af53dae2bc726b6e,5,5,False,226,373
3,03b929604c5471091d20bac78a1f4e418cdd237eb93fa081141d942bd4e6595a,6,6,False,218,1
3,e819dfec0cda94c5854de4c1253685f76ba478f0a86beae10f4a45214199d4e1,7,7,True,15,15
3,b60885418d780c29f736e8f15c76eb843597d423cabb1260306839594f3ae80e,8,8,False,809,580
4,cf2c22d4c74235ddd0c994bfad491b6774d1b1326fa09c6498dd34e132a667e3,1,5,False,8,421
4,fb0366c2d31fed8c7b0cd286280464640ab3fef3e91a5a4f887507d6ebdf4d21,2,6,True,15,15
4,a933f249b1f6e6c740267c6ee30aae0efae8311f81d14f6edb7358153de3b8ca,3,7,False,378,252
4,a6c1cdefcf0963374e9df75c64e25bdeaa7ea8bb1e9d8741a2ae3bd15a1d79f9,4,8,False,639,607
4,f99cfdc320cd1c936ad1d742b85429671b1e3eddee6dbac6d89f2a6f96471d3e,5,1,False,13,433
4,ccb272e09762212215007a8268a29f16a98133544efeb3e305e2d3d4542cb8c4,6,2,False,685,887
4,7cc31dcfc6368327382fbfc5d46b5868afc38c0b31bd660b59d006250fa921e4,7,3,False,1,6
4,030abc0bda0a52c6f80fdc0cf95326fad56251e8779b2af0b1918df0161dbd0a,8,4,False,8,737
5,ff08e9bb1fe693942de07fe35a8acab99cc1be6c69b6bed659a70de085213ad9,1,1,True,6,6
5,5609a6f2be2053430d8a967831c238f00b3491614a9fd61d068db3bd80b72b73,2,2,False,21,476
5,2cf934fcc18e6156f82e1c29befdb346f8672d64d1d3f57e33fbc71ed57022a3,3,3,False,422,452
5,363503759e27e1ec55587e11cff651b604a64b3fe0a4d3fdf603f631d5227ac0,4,8,False,1976,284
5,e42125cbc69f396396b6d33c5cd4bab3a9358b4f964d6deb99e86bb119c21fe5,5,4,False,19,1710
5,bd778bf0df2606750067ebf3b07a9cac3a2cdbe2d450513eaba16a62bfe6154d,6,6,False,381,559
5,37c984acbcecc874f095bb2b4d8d6ba3951a718116e0ac70ccfdf664cf308032,7,7,False,10,150
5,3fcfe331f90c83ef1d6b455e22d91e09e3a288cadf04819e5f5dc438cec354be,8,5,False,105,8
6,925178e4573dccd9e547299f6c68f9f0a9a26089eab4bac27dc43572028fc135,1,1,True,8,8
6,e7ac78981063730ec1dd25c7a639a4fcb554286f54f176c29c88c70e35c5e2a8,2,2,False,187,7
6,7cd8654b582cdf5073b767923a018c0e7e9de4f7302eaedc2a04ceda59066c5c,3,3,False,273,778
6,3acb4f9ecfd5c034b81807d20848e09f650b349f4dca79e1e2803cf02dfef39a,4,8,False,199,1150
6,0fb24816ab8a91308bbdf43b350e2d29c27c74482f16e94452463f1afc0e9ec5,5,4,True,18,18
6,4e6b89355194e7bbbb56c844c7178c6df728dfa6c9b3d3be18478a8833b1660d,6,6,False,2544,573
6,914e54bc4cd65336cd1bbf3c2f445cb4ad60d149e6741fb9f6a2de2ee130df49,7,7,False,263,304
6,7917a74aeeed6bd83bfc03b78f226093153f29b40791521ddab2017d73878965,8,5,False,678,9
7,1e1a37bb15f52d88896095349f0bcc0cd9a37f562c73da76b685fe7d5136b0de,1,5,False,639,558
7,8446d2fefa1d1924df73d9a73fc6a13a01e9a2279fae9a9ee619376ff13ffd49,2,8,False,873,274
7,69bfc4b8bebb2b8e3c674a2535024f85ac0e418e3250f68766648b991fe5f2d2,3,7,False,491,429
7,f2ec546507cd8334e2dc00b0ee3c2592ec790c2023f162bd1d87d6d8b9d6c7ae,4,6,False,511,674
7,1128aace42254221186069cb6c81fef91cd7e28af2ea58862156c13080a6b7b3,5,1,False,247,8
7,448b6faf3e3542a3c145a9c96bba4663bb8a6d541394fe5e9d429050d26eb19b,6,2,False,144,127
7,5dde9bad9c6cec47fe5de60d8da0abb93e0d08f2ce5fa3b9d800ba318459c8f0,7,3,False,119,318
7,59a4a56b185c82bdb827ca4957e2c2cf2b815e33fda67522c2fb083ecb99419c,8,4,False,447,604
8,d8a1cffe05201b7791c05a1d1be1e746f02e70a7bc6aa62d9057cc66cd8bdb6a,1,4,False,8,383
8,26e5792a691133416cba45791f3f29cbddbabc78823d4b78ace628026dd10d88,2,2,False,381,11
8,765dfe4cc795648325c6edc2baf735f8e6e3ad322c45e56ebb0f5f17b75f559f,3,3,False,7,319
8,bdd729eb43a4cdd0f98eae25b86cc6b266c905364c1ac45541e9004e30950589,4,1,False,298,290
8,c4a74f91f5a396378c569b76bc97461176de7f8daabf7ae58e4b9113b939ab43,5,5,False,7,9
8,35afffbf6d76674283f6cec83f30f6025ca6afe448bb78c72f2c1a01fbcf43c2,6,6,False,918,492
8,9b35075b463e8bea5c1ee29347998b8c11e86b5da2a42a63fc604e9c0e8983e2,7,7,False,690,467
8,39df3e35ded6afdc87ca847a3fe869750c960a3edd8d804850f722cd74b0536b,8,8,False,798,314
